"['g', 0]","['h', 258]","['v', 811]"
"['c', 0]","['m', 340]","['v', 433]"
"['r', 0]","['i', 129]","['u', 205]"
"['d', 0]","['m', 166]","['u', 247]"
"['a', 0]","['e', 64]","['v', 213]"
"['d', 0]","['h', 471]","['u', 507]"
"['l', 0]","['i', 230]","['v', 372]"
"['g', 0]","['i', 131]","['b', 298]"
"['l', 0]","['i', 160]","['u', 680]"
"['c', 0]","['i', 114]","['b', 223]"
"['d', 0]","['i', 146]","['u', 209]"
"['g', 0]","['i', 69]","['b', 230]"
"['g', 0]","['e', 37]","['b', 169]"
"['a', 0]","['m', 21]","['u', 302]"
"['g', 0]","['h', 163]","['u', 594]"
"['l', 0]","['m', 184]","['v', 306]"
"['r', 0]","['f', 148]","['u', 267]"
"['g', 0]","['f', 503]","['u', 567]"
"['g', 0]","['f', 158]","['v', 282]"
"['d', 0]","['e', 70]","['w', 170]"
"['g', 0]","['e', 56]","['b', 123]"
"['c', 0]","['f', 174]","['u', 257]"
"['g', 0]","['h', 35]","['v', 154]"
"['l', 0]","['f', 521]","['v', 592]"
"['a', 0]","['i', 216]","['v', 294]"
"['d', 0]","['m', 39]","['w', 64]"
"['l', 0]","['f', 107]","['u', 220]"
"['l', 0]","['f', 61]","['v', 240]"
"['g', 0]","['f', 127]","['u', 478]"
"['l', 0]","['i', 296]","['v', 618]"
"['a', 0]","['i', 148]","['w', 327]"
"['a', 0]","['m', 88]","['v', 140]"
"['r', 0]","['h', 178]","['u', 321]"
"['c', 0]","['i', 144]","['u', 321]"
"['d', 0]","['i', 29]","['w', 123]"
"['d', 0]","['m', 148]","['u', 272]"
"['c', 0]","['h', 104]","['w', 282]"
"['r', 0]","['i', 249]","['v', 391]"
"['d', 0]","['f', 24]","['v', 270]"
"['a', 0]","['f', 121]","['b', 162]"
"['c', 0]","['i', 139]","['w', 291]"
"['a', 0]","['f', 49]","['v', 591]"
"['r', 0]","['f', 439]","['u', 588]"
"['r', 0]","['m', 27]","['u', 201]"
"['l', 0]","['m', 50]","['w', 112]"
"['g', 0]","['h', 556]","['u', 639]"
"['r', 0]","['h', 40]","['w', 85]"
"['d', 0]","['m', 134]","['w', 236]"
"['g', 0]","['m', 120]","['b', 242]"
"['g', 0]","['m', 94]","['v', 152]"
"['d', 0]","['h', 142]","['u', 259]"
"['d', 0]","['e', 145]","['v', 264]"
"['g', 0]","['e', 84]","['b', 345]"
"['d', 0]","['m', 64]","['b', 252]"
"['d', 0]","['h', 67]","['b', 115]"
"['r', 0]","['i', 107]","['u', 639]"
"['r', 0]","['h', 156]","['w', 291]"
"['a', 0]","['f', 37]","['b', 103]"
"['r', 0]","['f', 48]","['w', 121]"
"['r', 0]","['f', 113]","['v', 207]"
"['c', 0]","['h', 171]","['v', 198]"
"['a', 0]","['e', 22]","['b', 45]"
"['c', 0]","['e', 151]","['b', 210]"
"['d', 0]","['f', 73]","['v', 116]"
"['d', 0]","['f', 169]","['b', 452]"
"['a', 0]","['f', 34]","['u', 113]"
"['l', 0]","['m', 472]","['u', 898]"
"['d', 0]","['f', 35]","['w', 87]"
"['d', 0]","['e', 155]","['b', 196]"
"['c', 0]","['e', 161]","['b', 761]"
"['l', 0]","['f', 165]","['v', 242]"
"['g', 0]","['m', 123]","['v', 175]"
"['l', 0]","['h', 261]","['v', 301]"
"['d', 0]","['i', 140]","['u', 637]"
"['g', 0]","['e', 150]","['u', 629]"
"['c', 0]","['m', 515]","['b', 552]"
"['c', 0]","['f', 128]","['v', 278]"
"['r', 0]","['m', 98]","['u', 270]"
"['g', 0]","['h', 135]","['v', 573]"
"['g', 0]","['e', 34]","['b', 87]"
"['r', 0]","['m', 52]","['w', 146]"
"['c', 0]","['m', 122]","['b', 179]"
"['g', 0]","['e', 57]","['w', 204]"
"['l', 0]","['e', 350]","['v', 417]"
"['a', 0]","['e', 116]","['u', 272]"
"['c', 0]","['f', 339]","['w', 472]"
"['r', 0]","['h', 75]","['u', 187]"
"['a', 0]","['f', 110]","['u', 249]"
"['d', 0]","['f', 156]","['b', 249]"
"['r', 0]","['m', 105]","['b', 153]"
"['c', 0]","['i', 320]","['b', 441]"
"['a', 0]","['e', 96]","['v', 221]"
"['c', 0]","['e', 34]","['w', 88]"
"['d', 0]","['f', 413]","['u', 585]"
"['c', 0]","['e', 38]","['v', 214]"
"['l', 0]","['e', 98]","['v', 186]"
"['a', 0]","['f', 179]","['w', 203]"
"['c', 0]","['m', 182]","['u', 737]"
"['a', 0]","['i', 137]","['w', 452]"
"['c', 0]","['f', 461]","['b', 594]"
"['r', 0]","['t', 111]","['h', 252]","['k', 688]"
"['c', 0]","['p', 139]","['h', 615]","['k', 743]"
"['l', 0]","['s', 99]","['m', 158]","['k', 178]"
"['l', 0]","['s', 520]","['m', 541]","['n', 631]"
"['d', 0]","['q', 202]","['f', 275]","['z', 386]"
"['a', 0]","['t', 147]","['e', 190]","['n', 542]"
"['r', 0]","['s', 163]","['e', 392]","['z', 470]"
"['l', 0]","['q', 71]","['m', 190]","['z', 258]"
"['d', 0]","['q', 80]","['h', 163]","['y', 249]"
"['g', 0]","['t', 146]","['e', 252]","['j', 343]"
"['g', 0]","['o', 246]","['e', 305]","['n', 361]"
"['l', 0]","['o', 60]","['h', 509]","['z', 554]"
"['d', 0]","['q', 85]","['e', 173]","['n', 219]"
"['d', 0]","['q', 80]","['f', 670]","['n', 1251]"
"['d', 0]","['t', 137]","['f', 230]","['x', 260]"
"['d', 0]","['p', 408]","['h', 466]","['j', 603]"
"['d', 0]","['t', 26]","['i', 401]","['n', 730]"
"['a', 0]","['p', 173]","['e', 550]","['z', 842]"
"['g', 0]","['q', 74]","['e', 105]","['x', 281]"
"['a', 0]","['o', 88]","['i', 242]","['z', 355]"
"['g', 0]","['q', 23]","['e', 261]","['n', 685]"
"['r', 0]","['o', 151]","['h', 242]","['x', 299]"
"['d', 0]","['s', 51]","['e', 219]","['z', 287]"
"['r', 0]","['p', 39]","['e', 99]","['y', 275]"
"['g', 0]","['o', 124]","['m', 225]","['n', 364]"
"['g', 0]","['s', 506]","['h', 638]","['k', 1055]"
"['c', 0]","['s', 79]","['h', 483]","['n', 661]"
"['d', 0]","['o', 80]","['f', 138]","['k', 431]"
"['c', 0]","['p', 71]","['m', 388]","['y', 557]"
"['c', 0]","['q', 84]","['m', 242]","['n', 376]"
"['d', 0]","['p', 59]","['f', 442]","['y', 914]"
"['g', 0]","['t', 54]","['m', 147]","['n', 278]"
"['c', 0]","['t', 95]","['e', 233]","['x', 378]"
"['c', 0]","['s', 132]","['e', 289]","['n', 333]"
"['r', 0]","['s', 100]","['m', 242]","['z', 274]"
"['l', 0]","['s', 150]","['f', 180]","['z', 309]"
"['l', 0]","['t', 60]","['f', 135]","['j', 232]"
"['g', 0]","['q', 75]","['i', 446]","['k', 1035]"
"['c', 0]","['q', 254]","['e', 284]","['x', 462]"
"['g', 0]","['o', 40]","['h', 104]","['j', 480]"
"['l', 0]","['q', 159]","['f', 183]","['x', 204]"
"['r', 0]","['q', 68]","['h', 203]","['y', 284]"
"['g', 0]","['q', 240]","['m', 328]","['x', 437]"
"['a', 0]","['t', 113]","['m', 391]","['j', 870]"
"['d', 0]","['s', 47]","['h', 94]","['z', 621]"
"['a', 0]","['s', 72]","['m', 590]","['x', 1108]"
"['d', 0]","['q', 83]","['h', 666]","['n', 803]"
"['d', 0]","['p', 122]","['h', 191]","['x', 249]"
"['l', 0]","['q', 24]","['i', 193]","['z', 325]"
"['a', 0]","['p', 138]","['e', 678]","['k', 833]"
"['g', 0]","['p', 115]","['e', 279]","['x', 521]"
"['c', 0]","['t', 87]","['f', 376]","['k', 483]"
"['r', 0]","['t', 143]","['f', 185]","['j', 215]"
"['a', 0]","['t', 159]","['m', 273]","['k', 350]"
"['g', 0]","['s', 167]","['i', 644]","['k', 840]"
"['g', 0]","['t', 152]","['h', 199]","['j', 250]"
"['r', 0]","['t', 340]","['e', 390]","['n', 560]"
"['g', 0]","['o', 165]","['m', 251]","['y', 722]"
"['d', 0]","['t', 66]","['e', 211]","['y', 389]"
"['c', 0]","['t', 82]","['m', 218]","['j', 676]"
"['g', 0]","['t', 158]","['f', 249]","['x', 322]"
"['c', 0]","['p', 51]","['f', 177]","['y', 759]"
"['c', 0]","['s', 35]","['f', 81]","['n', 251]"
"['a', 0]","['o', 174]","['h', 244]","['y', 356]"
"['c', 0]","['o', 171]","['h', 666]","['k', 767]"
"['g', 0]","['s', 344]","['i', 366]","['n', 530]"
"['r', 0]","['p', 159]","['m', 279]","['x', 528]"
"['d', 0]","['t', 38]","['m', 342]","['k', 452]"
"['a', 0]","['t', 33]","['i', 174]","['n', 322]"
"['l', 0]","['p', 104]","['i', 125]","['j', 278]"
"['g', 0]","['t', 38]","['f', 207]","['n', 392]"
"['l', 0]","['q', 99]","['m', 140]","['j', 238]"
"['d', 0]","['p', 132]","['i', 296]","['z', 375]"
"['c', 0]","['s', 22]","['i', 78]","['j', 121]"
"['c', 0]","['o', 486]","['m', 651]","['y', 1032]"
"['l', 0]","['p', 177]","['f', 685]","['n', 1059]"
"['g', 0]","['t', 23]","['e', 50]","['y', 561]"
"['c', 0]","['q', 73]","['e', 101]","['y', 275]"
"['d', 0]","['q', 112]","['f', 590]","['k', 1170]"
"['c', 0]","['p', 46]","['h', 128]","['n', 270]"
"['c', 0]","['p', 110]","['f', 186]","['j', 291]"
"['d', 0]","['q', 67]","['h', 143]","['y', 610]"
"['l', 0]","['t', 180]","['m', 654]","['j', 810]"
"['c', 0]","['o', 34]","['m', 71]","['y', 108]"
"['l', 0]","['o', 155]","['i', 256]","['y', 434]"
"['g', 0]","['t', 107]","['h', 285]","['n', 314]"
"['c', 0]","['t', 57]","['m', 226]","['k', 355]"
"['c', 0]","['p', 341]","['e', 457]","['x', 542]"
"['g', 0]","['t', 81]","['e', 104]","['n', 223]"
"['l', 0]","['q', 148]","['i', 617]","['z', 649]"
"['l', 0]","['p', 47]","['i', 73]","['j', 112]"
"['a', 0]","['p', 67]","['f', 602]","['y', 954]"
"['l', 0]","['p', 104]","['m', 264]","['j', 610]"
"['c', 0]","['t', 85]","['f', 217]","['z', 709]"
"['c', 0]","['p', 103]","['f', 267]","['n', 392]"
"['a', 0]","['s', 574]","['m', 669]","['n', 719]"
"['l', 0]","['t', 151]","['m', 193]","['z', 698]"
"['d', 0]","['p', 180]","['h', 212]","['j', 268]"
"['r', 0]","['s', 45]","['e', 133]","['k', 213]"
"['r', 0]","['s', 186]","['e', 284]","['n', 319]"
"['g', 0]","['b', 56]","['h', 455]","['o', 606]","['j', 802]","['l', 879]"
"['g', 0]","['b', 177]","['i', 282]","['t', 415]","['z', 463]","['l', 563]"
"['r', 0]","['u', 300]","['f', 403]","['s', 550]","['j', 675]","['c', 743]"
"['c', 0]","['v', 167]","['h', 245]","['p', 344]","['j', 715]","['g', 882]"
"['r', 0]","['w', 25]","['i', 486]","['o', 573]","['y', 842]","['r', 1351]"
"['c', 0]","['w', 51]","['m', 179]","['p', 277]","['k', 348]","['d', 381]"
"['c', 0]","['b', 351]","['e', 407]","['o', 427]","['n', 554]","['r', 651]"
"['g', 0]","['w', 92]","['m', 112]","['t', 248]","['z', 341]","['r', 461]"
"['a', 0]","['u', 114]","['h', 243]","['q', 336]","['y', 919]","['a', 1042]"
"['r', 0]","['u', 76]","['e', 105]","['q', 165]","['k', 341]","['d', 402]"
"['r', 0]","['u', 35]","['e', 160]","['p', 567]","['j', 698]","['l', 755]"
"['a', 0]","['u', 200]","['h', 311]","['o', 613]","['z', 826]","['l', 867]"
"['d', 0]","['u', 130]","['m', 307]","['p', 630]","['y', 884]","['l', 1036]"
"['c', 0]","['w', 250]","['f', 381]","['t', 426]","['n', 587]","['c', 718]"
"['l', 0]","['b', 550]","['i', 629]","['s', 863]","['j', 902]","['d', 942]"
"['d', 0]","['w', 137]","['m', 302]","['q', 381]","['j', 542]","['d', 661]"
"['g', 0]","['b', 160]","['f', 503]","['s', 577]","['j', 686]","['r', 883]"
"['d', 0]","['v', 80]","['f', 123]","['o', 655]","['x', 732]","['d', 788]"
"['g', 0]","['u', 564]","['h', 734]","['o', 792]","['x', 931]","['g', 1061]"
"['c', 0]","['v', 220]","['e', 356]","['o', 391]","['j', 563]","['g', 583]"
"['l', 0]","['w', 73]","['f', 234]","['o', 308]","['k', 837]","['c', 960]"
"['a', 0]","['w', 88]","['h', 574]","['q', 697]","['k', 741]","['a', 770]"
"['c', 0]","['b', 136]","['i', 201]","['s', 341]","['z', 400]","['d', 438]"
"['d', 0]","['w', 24]","['i', 183]","['q', 361]","['y', 514]","['d', 691]"
"['d', 0]","['v', 51]","['f', 225]","['s', 312]","['y', 611]","['r', 791]"
"['r', 0]","['u', 86]","['e', 108]","['p', 224]","['x', 338]","['a', 450]"
"['d', 0]","['u', 369]","['h', 964]","['o', 995]","['k', 1525]","['r', 1576]"
"['l', 0]","['v', 509]","['i', 1029]","['s', 1151]","['n', 1300]","['c', 1434]"
"['l', 0]","['w', 122]","['f', 192]","['s', 217]","['z', 377]","['r', 491]"
"['c', 0]","['w', 147]","['h', 208]","['o', 241]","['x', 387]","['a', 890]"
"['c', 0]","['u', 171]","['f', 214]","['q', 292]","['y', 390]","['d', 558]"
"['r', 0]","['w', 148]","['i', 238]","['q', 385]","['k', 557]","['l', 633]"
"['d', 0]","['w', 38]","['h', 117]","['s', 348]","['k', 471]","['r', 1054]"
"['d', 0]","['b', 70]","['h', 638]","['q', 878]","['n', 1075]","['a', 1112]"
"['l', 0]","['u', 141]","['e', 275]","['s', 525]","['x', 680]","['c', 1171]"
"['g', 0]","['w', 184]","['f', 285]","['q', 874]","['y', 980]","['c', 1001]"
"['a', 0]","['u', 60]","['i', 202]","['p', 277]","['y', 862]","['l', 983]"
"['l', 0]","['u', 99]","['m', 666]","['t', 722]","['x', 799]","['d', 939]"
"['r', 0]","['u', 78]","['e', 195]","['t', 742]","['z', 849]","['l', 869]"
"['c', 0]","['u', 160]","['f', 264]","['o', 310]","['j', 455]","['c', 623]"
"['c', 0]","['v', 154]","['f', 292]","['t', 445]","['n', 487]","['c', 657]"
"['d', 0]","['u', 33]","['h', 187]","['p', 243]","['k', 376]","['l', 493]"
"['g', 0]","['b', 164]","['f', 565]","['q', 735]","['x', 956]","['g', 1293]"
"['r', 0]","['b', 492]","['m', 550]","['o', 1113]","['y', 1303]","['a', 1435]"
"['g', 0]","['b', 158]","['i', 290]","['p', 603]","['k', 643]","['d', 727]"
"['g', 0]","['b', 35]","['i', 214]","['t', 387]","['j', 552]","['g', 608]"
"['r', 0]","['u', 160]","['i', 265]","['t', 428]","['y', 503]","['r', 574]"
"['r', 0]","['b', 57]","['i', 97]","['o', 181]","['n', 203]","['a', 449]"
"['g', 0]","['b', 516]","['i', 546]","['s', 566]","['n', 657]","['l', 683]"
"['l', 0]","['w', 70]","['f', 224]","['p', 365]","['j', 626]","['a', 668]"
"['r', 0]","['u', 89]","['e', 186]","['o', 322]","['n', 447]","['l', 499]"
"['c', 0]","['u', 102]","['e', 209]","['o', 677]","['z', 1075]","['l', 1272]"
"['a', 0]","['b', 71]","['e', 241]","['q', 323]","['y', 406]","['d', 456]"
"['r', 0]","['v', 424]","['m', 736]","['t', 839]","['k', 996]","['a', 1109]"
"['c', 0]","['w', 45]","['m', 173]","['p', 339]","['y', 370]","['a', 511]"
"['r', 0]","['u', 376]","['m', 750]","['q', 795]","['y', 917]","['g', 988]"
"['c', 0]","['b', 112]","['i', 246]","['q', 267]","['k', 406]","['d', 579]"
"['g', 0]","['b', 26]","['i', 122]","['o', 267]","['x', 426]","['d', 548]"
"['r', 0]","['b', 42]","['m', 207]","['p', 336]","['j', 384]","['l', 520]"
"['g', 0]","['w', 29]","['h', 75]","['t', 254]","['n', 396]","['l', 495]"
"['g', 0]","['v', 133]","['h', 400]","['p', 521]","['k', 549]","['a', 618]"
"['l', 0]","['w', 176]","['i', 326]","['t', 499]","['z', 812]","['g', 900]"
"['d', 0]","['v', 108]","['e', 288]","['t', 384]","['y', 490]","['a', 552]"
"['l', 0]","['u', 283]","['m', 335]","['q', 396]","['j', 527]","['c', 623]"
"['r', 0]","['w', 109]","['m', 155]","['q', 199]","['j', 477]","['r', 570]"
"['l', 0]","['w', 550]","['e', 795]","['s', 849]","['k', 1020]","['l', 1164]"
"['g', 0]","['u', 151]","['m', 234]","['o', 254]","['x', 372]","['c', 715]"
"['g', 0]","['u', 35]","['m', 131]","['s', 281]","['x', 384]","['r', 413]"
"['a', 0]","['u', 54]","['f', 119]","['t', 241]","['x', 264]","['g', 288]"
"['d', 0]","['b', 175]","['i', 522]","['p', 824]","['n', 865]","['a', 1018]"
"['d', 0]","['v', 104]","['i', 271]","['q', 299]","['k', 458]","['g', 504]"
"['d', 0]","['w', 92]","['h', 656]","['q', 809]","['n', 901]","['r', 1060]"
"['l', 0]","['w', 90]","['i', 121]","['p', 229]","['y', 337]","['c', 407]"
"['d', 0]","['b', 84]","['m', 183]","['s', 230]","['n', 332]","['g', 367]"
"['d', 0]","['v', 576]","['i', 748]","['s', 879]","['x', 1029]","['l', 1072]"
"['l', 0]","['w', 159]","['m', 622]","['p', 653]","['y', 794]","['a', 1018]"
"['r', 0]","['u', 284]","['f', 390]","['s', 570]","['z', 634]","['l', 783]"
"['d', 0]","['w', 320]","['m', 588]","['t', 821]","['y', 872]","['c', 1382]"
"['l', 0]","['b', 297]","['i', 420]","['s', 519]","['n', 958]","['g', 1380]"
"['d', 0]","['v', 84]","['f', 168]","['o', 343]","['n', 500]","['r', 1053]"
"['d', 0]","['u', 120]","['h', 183]","['t', 626]","['n', 705]","['g', 770]"
"['r', 0]","['w', 21]","['i', 61]","['t', 229]","['z', 537]","['g', 703]"
"['l', 0]","['b', 112]","['m', 238]","['o', 267]","['j', 749]","['d', 893]"
"['a', 0]","['w', 524]","['i', 1118]","['o', 1201]","['n', 1258]","['g', 1406]"
"['r', 0]","['w', 260]","['h', 284]","['t', 421]","['y', 592]","['d', 1099]"
"['a', 0]","['u', 67]","['h', 235]","['t', 320]","['k', 881]","['l', 1006]"
"['r', 0]","['u', 175]","['m', 338]","['q', 389]","['k', 447]","['g', 469]"
"['r', 0]","['b', 54]","['m', 176]","['p', 212]","['z', 622]","['a', 783]"
"['d', 0]","['u', 21]","['i', 151]","['o', 224]","['j', 244]","['a', 411]"
"['l', 0]","['v', 37]","['m', 154]","['s', 193]","['j', 362]","['c', 424]"
"['l', 0]","['v', 496]","['h', 574]","['s', 693]","['k', 1146]","['g', 1258]"
"['g', 0]","['b', 55]","['e', 228]","['p', 388]","['j', 930]","['l', 954]"
"['g', 0]","['b', 54]","['m', 102]","['p', 210]","['k', 364]","['g', 431]"
"['a', 0]","['v', 87]","['h', 136]","['t', 287]","['z', 622]","['l', 912]"
"['l', 0]","['u', 107]","['f', 239]","['q', 408]","['y', 497]","['a', 556]"
"['l', 0]","['w', 127]","['m', 339]","['s', 473]","['j', 1057]","['r', 1104]"
"['c', 0]","['b', 166]","['i', 210]","['o', 237]","['k', 312]","['d', 409]"
"['c', 0]","['v', 154]","['h', 208]","['t', 709]","['x', 732]","['c', 833]"
"['r', 0]","['w', 67]","['f', 609]","['q', 719]","['x', 973]","['c', 1046]"
"['c', 0]","['v', 295]","['i', 463]","['s', 554]","['z', 725]","['l', 818]"
"['p', 0]","['f', 77]","['v', 108]"
"['p', 0]","['m', 442]","['v', 574]"
"['p', 0]","['m', 227]","['b', 352]"
"['s', 0]","['m', 77]","['w', 222]"
"['o', 0]","['f', 73]","['u', 241]"
"['t', 0]","['e', 108]","['b', 170]"
"['q', 0]","['h', 21]","['u', 83]"
"['p', 0]","['e', 21]","['v', 582]"
"['p', 0]","['m', 65]","['w', 238]"
"['q', 0]","['f', 88]","['u', 286]"
"['p', 0]","['m', 22]","['b', 138]"
"['s', 0]","['i', 143]","['v', 201]"
"['s', 0]","['e', 132]","['w', 255]"
"['t', 0]","['h', 122]","['v', 198]"
"['p', 0]","['i', 91]","['v', 150]"
"['q', 0]","['f', 90]","['b', 226]"
"['q', 0]","['i', 368]","['b', 427]"
"['p', 0]","['e', 112]","['v', 134]"
"['p', 0]","['e', 109]","['v', 202]"
"['t', 0]","['h', 155]","['u', 518]"
"['p', 0]","['i', 160]","['v', 228]"
"['o', 0]","['i', 442]","['u', 549]"
"['s', 0]","['h', 96]","['u', 189]"
"['t', 0]","['m', 146]","['b', 201]"
"['o', 0]","['e', 60]","['b', 119]"
"['o', 0]","['i', 104]","['w', 213]"
"['p', 0]","['e', 273]","['w', 355]"
"['t', 0]","['f', 194]","['u', 669]"
"['s', 0]","['m', 124]","['b', 286]"
"['q', 0]","['f', 158]","['w', 589]"
"['p', 0]","['m', 73]","['u', 220]"
"['p', 0]","['f', 71]","['v', 386]"
"['o', 0]","['m', 76]","['b', 232]"
"['s', 0]","['h', 221]","['b', 373]"
"['p', 0]","['m', 102]","['v', 266]"
"['q', 0]","['e', 77]","['b', 631]"
"['q', 0]","['m', 51]","['u', 605]"
"['p', 0]","['f', 579]","['v', 981]"
"['p', 0]","['h', 567]","['u', 686]"
"['o', 0]","['h', 98]","['w', 272]"
"['p', 0]","['h', 174]","['v', 203]"
"['q', 0]","['m', 34]","['u', 69]"
"['o', 0]","['m', 55]","['u', 236]"
"['s', 0]","['i', 173]","['w', 258]"
"['q', 0]","['i', 237]","['u', 317]"
"['p', 0]","['f', 64]","['v', 489]"
"['t', 0]","['i', 122]","['b', 190]"
"['s', 0]","['h', 61]","['b', 120]"
"['p', 0]","['i', 308]","['w', 903]"
"['p', 0]","['h', 586]","['v', 615]"
"['q', 0]","['f', 54]","['u', 460]"
"['q', 0]","['m', 51]","['b', 221]"
"['q', 0]","['h', 150]","['v', 222]"
"['t', 0]","['h', 50]","['w', 184]"
"['q', 0]","['h', 508]","['v', 534]"
"['q', 0]","['f', 501]","['b', 616]"
"['t', 0]","['f', 123]","['u', 246]"
"['q', 0]","['e', 353]","['v', 851]"
"['s', 0]","['h', 103]","['u', 486]"
"['q', 0]","['f', 121]","['v', 160]"
"['q', 0]","['h', 394]","['w', 451]"
"['o', 0]","['f', 165]","['u', 329]"
"['q', 0]","['m', 110]","['w', 198]"
"['t', 0]","['f', 117]","['w', 440]"
"['q', 0]","['f', 143]","['b', 233]"
"['t', 0]","['e', 113]","['u', 232]"
"['o', 0]","['f', 126]","['w', 243]"
"['t', 0]","['f', 54]","['w', 164]"
"['t', 0]","['m', 250]","['b', 382]"
"['q', 0]","['h', 143]","['b', 606]"
"['o', 0]","['i', 74]","['v', 164]"
"['t', 0]","['f', 146]","['w', 247]"
"['o', 0]","['m', 82]","['b', 206]"
"['t', 0]","['m', 73]","['b', 145]"
"['q', 0]","['e', 103]","['v', 160]"
"['t', 0]","['e', 33]","['w', 149]"
"['s', 0]","['f', 47]","['v', 117]"
"['o', 0]","['f', 43]","['w', 67]"
"['q', 0]","['m', 221]","['w', 290]"
"['s', 0]","['h', 151]","['w', 181]"
"['t', 0]","['f', 105]","['b', 143]"
"['p', 0]","['i', 213]","['u', 732]"
"['s', 0]","['i', 58]","['v', 137]"
"['s', 0]","['m', 85]","['v', 436]"
"['s', 0]","['i', 75]","['w', 252]"
"['q', 0]","['e', 105]","['u', 600]"
"['s', 0]","['i', 145]","['b', 290]"
"['p', 0]","['e', 104]","['u', 224]"
"['o', 0]","['h', 472]","['u', 606]"
"['o', 0]","['h', 138]","['w', 204]"
"['s', 0]","['h', 362]","['v', 452]"
"['o', 0]","['i', 108]","['b', 180]"
"['t', 0]","['i', 163]","['w', 263]"
"['p', 0]","['i', 116]","['b', 427]"
"['s', 0]","['m', 93]","['u', 223]"
"['t', 0]","['i', 136]","['u', 247]"
"['t', 0]","['e', 92]","['v', 334]"
"['s', 0]","['i', 453]","['v', 585]"
"['p', 0]","['m', 130]","['u', 204]"
"['p', 0]","['m', 123]","['w', 159]"
"['o', 0]","['p', 70]","['i', 153]","['c', 264]","['j', 287]","['y', 460]","['v', 501]"
"['u', 0]","['m', 75]","['y', 664]"
"['i', 0]","['m', 123]","['n', 507]"
"['m', 0]","['w', 103]","['p', 198]"
"['n', 0]","['g', 192]","['m', 333]","['l', 503]","['s', 713]","['t', 836]","['d', 902]"
"['w', 0]","['e', 77]","['x', 239]","['l', 474]","['t', 629]"
"['u', 0]","['h', 87]","['n', 233]","['m', 398]","['b', 924]","['v', 994]"
"['g', 0]","['z', 97]","['r', 266]","['x', 431]"
"['n', 0]","['b', 39]"
"['f', 0]","['g', 128]","['s', 191]","['w', 320]","['o', 654]","['p', 800]","['o', 1393]"
"['d', 0]","['v', 176]","['d', 250]","['n', 348]"
"['p', 0]","['e', 170]"
"['i', 0]","['b', 22]","['y', 176]","['v', 201]","['r', 601]"
"['q', 0]","['f', 33]","['d', 206]","['u', 305]"
"['t', 0]","['o', 292]","['g', 441]","['u', 569]","['q', 717]"
"['c', 0]","['u', 86]"
"['m', 0]","['r', 179]","['e', 583]","['v', 749]","['c', 1091]","['e', 1191]"
"['o', 0]","['f', 126]","['s', 246]","['q', 424]","['d', 533]","['f', 615]","['e', 666]"
"['u', 0]","['d', 23]","['j', 157]","['v', 274]","['w', 373]","['q', 552]","['f', 690]"
"['p', 0]","['d', 391]","['u', 509]","['i', 675]","['b', 881]"
"['b', 0]","['s', 179]","['h', 352]","['v', 436]","['u', 612]","['i', 1121]"
"['u', 0]","['u', 53]","['t', 503]","['z', 673]","['n', 765]","['u', 819]","['o', 919]"
"['y', 0]","['b', 127]","['h', 165]"
"['f', 0]","['e', 135]"
"['t', 0]","['f', 144]","['v', 264]","['e', 334]"
"['w', 0]","['t', 442]"
"['y', 0]","['p', 27]","['v', 51]","['h', 603]"
"['q', 0]","['m', 163]","['a', 229]","['r', 263]","['y', 353]","['z', 375]","['f', 504]"
"['c', 0]","['a', 26]","['m', 170]","['m', 212]","['b', 354]","['n', 383]"
"['f', 0]","['r', 39]","['q', 470]","['q', 650]","['f', 712]"
"['t', 0]","['y', 139]"
"['k', 0]","['y', 105]"
"['b', 0]","['b', 67]","['j', 232]","['j', 325]","['h', 354]","['h', 425]"
"['t', 0]","['y', 62]","['n', 117]","['b', 433]","['k', 456]","['a', 524]","['i', 582]"
"['p', 0]","['i', 144]","['k', 235]","['l', 296]","['y', 326]","['w', 452]","['a', 614]"
"['a', 0]","['e', 118]","['i', 178]","['h', 306]"
"['r', 0]","['b', 125]","['t', 324]","['z', 426]","['s', 551]","['m', 699]","['z', 764]"
"['f', 0]","['i', 112]","['i', 229]","['z', 370]","['p', 492]","['n', 623]","['p', 702]"
"['y', 0]","['o', 75]","['n', 632]","['s', 665]","['e', 722]"
"['d', 0]","['t', 438]","['z', 565]","['s', 708]","['h', 964]","['o', 1047]","['t', 1213]"
"['q', 0]","['a', 385]","['x', 501]"
"['u', 0]","['b', 177]"
"['u', 0]","['j', 73]","['d', 186]","['u', 283]","['s', 651]"
"['o', 0]","['o', 86]","['n', 193]","['e', 352]","['t', 423]","['y', 521]","['k', 575]"
"['b', 0]","['v', 76]","['f', 117]","['z', 314]","['u', 365]"
"['x', 0]","['t', 284]","['v', 463]","['m', 507]","['a', 541]"
"['t', 0]","['c', 41]","['q', 92]","['c', 173]","['u', 270]"
"['h', 0]","['d', 53]","['t', 148]","['w', 543]","['e', 621]","['b', 706]","['u', 828]"
"['g', 0]","['f', 566]","['b', 598]","['k', 640]","['i', 759]"
"['j', 0]","['i', 72]","['r', 214]"
"['l', 0]","['u', 110]"
"['w', 0]","['q', 105]","['r', 352]","['t', 867]","['q', 1012]"
"['d', 0]","['b', 292]","['w', 347]"
"['q', 0]","['t', 124]","['d', 270]","['l', 377]"
"['q', 0]","['m', 104]","['e', 138]","['c', 700]","['t', 925]","['a', 1116]","['b', 1194]"
"['w', 0]","['b', 130]","['j', 610]","['j', 702]","['p', 733]","['h', 893]","['b', 939]"
"['d', 0]","['u', 60]"
"['e', 0]","['m', 113]","['q', 289]","['l', 409]","['z', 438]"
"['e', 0]","['e', 376]","['l', 442]","['l', 533]","['v', 642]","['f', 1175]"
"['n', 0]","['r', 100]","['g', 265]","['z', 780]"
"['w', 0]","['l', 32]","['k', 185]","['n', 286]","['p', 373]"
"['l', 0]","['w', 511]","['v', 585]","['p', 724]"
"['f', 0]","['r', 165]","['q', 204]","['q', 328]","['m', 382]","['z', 695]"
"['v', 0]","['b', 114]","['b', 288]"
"['h', 0]","['s', 224]","['z', 312]","['b', 374]","['n', 444]"
"['p', 0]","['u', 83]","['k', 109]","['h', 230]","['v', 309]"
"['a', 0]","['c', 215]","['r', 267]","['v', 328]","['j', 431]","['d', 563]","['k', 654]"
"['w', 0]","['m', 54]","['w', 228]","['j', 273]","['z', 392]"
"['l', 0]","['w', 171]"
"['b', 0]","['a', 128]","['a', 206]","['p', 268]","['r', 294]","['e', 323]"
"['s', 0]","['r', 129]"
"['j', 0]","['s', 167]","['c', 267]","['x', 495]","['x', 894]","['u', 1028]"
"['n', 0]","['f', 46]","['u', 173]","['e', 201]"
"['c', 0]","['o', 60]","['e', 181]"
"['u', 0]","['x', 82]"
"['r', 0]","['p', 59]","['n', 529]","['e', 563]","['f', 1003]"
"['h', 0]","['o', 73]","['e', 159]","['d', 728]","['o', 748]","['z', 823]"
"['t', 0]","['p', 382]","['e', 489]","['t', 523]","['c', 780]","['m', 921]"
"['x', 0]","['r', 121]","['d', 216]","['w', 302]","['v', 444]","['c', 529]"
"['p', 0]","['j', 74]"
"['f', 0]","['c', 159]","['g', 274]","['k', 321]","['i', 376]"
"['r', 0]","['r', 144]","['w', 231]","['z', 668]","['x', 1262]","['f', 1418]","['d', 1453]"
"['f', 0]","['s', 130]","['u', 273]","['u', 362]","['c', 501]","['s', 657]","['q', 800]"
"['n', 0]","['h', 81]","['i', 327]","['m', 357]"
"['k', 0]","['j', 297]","['v', 355]","['b', 390]","['n', 521]","['p', 574]"
"['v', 0]","['v', 151]","['k', 265]"
"['c', 0]","['x', 173]"
"['t', 0]","['l', 505]","['t', 663]","['j', 707]"
"['f', 0]","['r', 312]","['v', 450]","['l', 579]"
"['k', 0]","['i', 325]","['i', 349]","['p', 477]","['i', 608]","['x', 1193]","['l', 1336]"
"['c', 0]","['h', 157]","['w', 639]","['h', 709]","['x', 749]","['r', 844]"
"['b', 0]","['m', 143]"
"['m', 0]","['o', 65]","['h', 181]","['u', 335]","['s', 472]","['u', 518]","['z', 596]"
"['p', 0]","['v', 148]","['r', 257]","['x', 296]","['e', 369]","['y', 398]","['j', 536]"
"['a', 0]","['k', 54]","['w', 233]","['a', 383]","['f', 609]","['i', 654]"
"['x', 0]","['q', 300]","['g', 480]"
"['y', 0]","['h', 127]","['u', 196]","['e', 685]"
"['v', 0]","['f', 88]","['d', 155]","['b', 182]","['y', 243]","['l', 782]"
"['o', 0]","['r', 90]","['s', 251]"
"['o', 0]","['p', 143]","['h', 281]","['d', 341]"
"['n', 0]","['v', 300]","['b', 426]","['r', 448]","['v', 808]"
"['d', 0]","['q', 72]","['g', 280]","['i', 318]","['r', 656]"
"['w', 0]","['n', 153]","['m', 329]","['a', 461]","['o', 627]","['m', 1084]"
"['l', 0]","['r', 91]","['w', 132]","['b', 204]","['x', 254]","['i', 349]","['u', 882]"
"['u', 0]","['z', 66]","['f', 205]"
"['s', 0]","['e', 28]"
"['c', 0]","['e', 21]"
"['f', 0]","['y', 117]"
"['s', 0]","['g', 439]","['t', 940]","['r', 1017]","['k', 1120]","['j', 1260]","['f', 1297]"
"['m', 0]","['e', 29]","['k', 200]"
"['o', 0]","['z', 29]","['u', 283]","['b', 354]","['e', 526]","['e', 562]","['x', 715]"
"['b', 0]","['i', 296]"
"['t', 0]","['l', 102]","['b', 214]","['w', 292]","['c', 460]","['t', 517]","['g', 557]"
"['b', 0]","['i', 85]","['z', 181]","['o', 342]","['p', 400]"
"['k', 0]","['q', 500]","['h', 994]"
"['l', 0]","['s', 176]","['v', 335]","['n', 897]","['o', 922]","['v', 1326]"
"['a', 0]","['q', 101]","['k', 209]"
"['u', 0]","['x', 51]","['w', 230]"
"['a', 0]","['w', 129]","['g', 227]","['d', 328]"
"['m', 0]","['y', 47]","['m', 90]"
